--
-- PostgreSQL database dump
--

-- Dumped from database version 17.0
-- Dumped by pg_dump version 17.0

SET statement_timeout = 0;
SET lock_timeout = 0;
SET idle_in_transaction_session_timeout = 0;
SET transaction_timeout = 0;
SET client_encoding = 'UTF8';
SET standard_conforming_strings = on;
SELECT pg_catalog.set_config('search_path', '', false);
SET check_function_bodies = false;
SET xmloption = content;
SET client_min_messages = warning;
SET row_security = off;

SET default_tablespace = '';

SET default_table_access_method = heap;

--
-- Name: category; Type: TABLE; Schema: public; Owner: -
--

CREATE TABLE public.category (
    id bigint NOT NULL,
    description character varying(255) NOT NULL,
    name character varying(255) NOT NULL,
    url_thum character varying(255) DEFAULT ''::character varying NOT NULL
);


--
-- Name: category_id_seq; Type: SEQUENCE; Schema: public; Owner: -
--

ALTER TABLE public.category ALTER COLUMN id ADD GENERATED BY DEFAULT AS IDENTITY (
    SEQUENCE NAME public.category_id_seq
    START WITH 1
    INCREMENT BY 1
    NO MINVALUE
    NO MAXVALUE
    CACHE 1
);


--
-- Name: category_translation; Type: TABLE; Schema: public; Owner: -
--

CREATE TABLE public.category_translation (
    id bigint NOT NULL,
    description character varying(255),
    locale character varying(255),
    name character varying(255),
    category_id bigint
);


--
-- Name: detail_order; Type: TABLE; Schema: public; Owner: -
--

CREATE TABLE public.detail_order (
    quantity integer NOT NULL,
    unit_price numeric(10,2) NOT NULL,
    id bigint NOT NULL,
    order_id bigint,
    product_id bigint
);


--
-- Name: detail_order_id_seq; Type: SEQUENCE; Schema: public; Owner: -
--

ALTER TABLE public.detail_order ALTER COLUMN id ADD GENERATED BY DEFAULT AS IDENTITY (
    SEQUENCE NAME public.detail_order_id_seq
    START WITH 1
    INCREMENT BY 1
    NO MINVALUE
    NO MAXVALUE
    CACHE 1
);


--
-- Name: image_product; Type: TABLE; Schema: public; Owner: -
--

CREATE TABLE public.image_product (
    id bigint NOT NULL,
    product_id bigint NOT NULL,
    url_image character varying(255) NOT NULL,
    type character varying(255) NOT NULL
);


--
-- Name: image_product_id_seq; Type: SEQUENCE; Schema: public; Owner: -
--

ALTER TABLE public.image_product ALTER COLUMN id ADD GENERATED BY DEFAULT AS IDENTITY (
    SEQUENCE NAME public.image_product_id_seq
    START WITH 1
    INCREMENT BY 1
    NO MINVALUE
    NO MAXVALUE
    CACHE 1
);


--
-- Name: messages; Type: TABLE; Schema: public; Owner: -
--

CREATE TABLE public.messages (
    id bigint NOT NULL,
    sent_at timestamp(6) without time zone NOT NULL,
    user_id bigint,
    phone character varying(50),
    message_text character varying(2000) NOT NULL,
    email character varying(255) NOT NULL,
    name character varying(255) NOT NULL,
    subjetc character varying(255) NOT NULL
);


--
-- Name: messages_id_seq; Type: SEQUENCE; Schema: public; Owner: -
--

ALTER TABLE public.messages ALTER COLUMN id ADD GENERATED BY DEFAULT AS IDENTITY (
    SEQUENCE NAME public.messages_id_seq
    START WITH 1
    INCREMENT BY 1
    NO MINVALUE
    NO MAXVALUE
    CACHE 1
);


--
-- Name: orders; Type: TABLE; Schema: public; Owner: -
--

CREATE TABLE public.orders (
    date_order date NOT NULL,
    total_price numeric(10,2) NOT NULL,
    id bigint NOT NULL,
    user_id bigint NOT NULL,
    description character varying(255) NOT NULL,
    name character varying(255) NOT NULL,
    state_order character varying(255),
    CONSTRAINT orders_state_order_check CHECK (((state_order)::text = ANY ((ARRAY['CANCELED'::character varying, 'IN_PROCESS'::character varying, 'ON_ITS_WAY'::character varying, 'DELIVERED'::character varying])::text[])))
);


--
-- Name: orders_id_seq; Type: SEQUENCE; Schema: public; Owner: -
--

ALTER TABLE public.orders ALTER COLUMN id ADD GENERATED BY DEFAULT AS IDENTITY (
    SEQUENCE NAME public.orders_id_seq
    START WITH 1
    INCREMENT BY 1
    NO MINVALUE
    NO MAXVALUE
    CACHE 1
);


--
-- Name: product; Type: TABLE; Schema: public; Owner: -
--

CREATE TABLE public.product (
    price numeric(10,2),
    thickness double precision,
    category_id bigint,
    id bigint NOT NULL,
    description character varying(2000),
    finishes character varying(255),
    material character varying(255),
    name character varying(255) NOT NULL,
    size character varying(255),
    type character varying(255),
    m2_per_box double precision,
    m2_per_pallet double precision,
    pieces_per_box integer,
    weight_per_box double precision,
    weight_per_pallet double precision,
    box_per_pallet integer,
    CONSTRAINT product_pieces_per_box_check CHECK ((pieces_per_box >= 1))
);


--
-- Name: product_id_seq; Type: SEQUENCE; Schema: public; Owner: -
--

ALTER TABLE public.product ALTER COLUMN id ADD GENERATED BY DEFAULT AS IDENTITY (
    SEQUENCE NAME public.product_id_seq
    START WITH 1
    INCREMENT BY 1
    NO MINVALUE
    NO MAXVALUE
    CACHE 1
);


--
-- Name: product_translation; Type: TABLE; Schema: public; Owner: -
--

CREATE TABLE public.product_translation (
    id bigint NOT NULL,
    description character varying(2000),
    locale character varying(5) NOT NULL,
    name character varying(255),
    product_id bigint
);


--
-- Name: product_translation_id_seq; Type: SEQUENCE; Schema: public; Owner: -
--

ALTER TABLE public.product_translation ALTER COLUMN id ADD GENERATED BY DEFAULT AS IDENTITY (
    SEQUENCE NAME public.product_translation_id_seq
    START WITH 1
    INCREMENT BY 1
    NO MINVALUE
    NO MAXVALUE
    CACHE 1
);


--
-- Name: users; Type: TABLE; Schema: public; Owner: -
--

CREATE TABLE public.users (
    id bigint NOT NULL,
    address character varying(255) NOT NULL,
    client_type character varying(255),
    company_name character varying(255),
    email character varying(255) NOT NULL,
    name character varying(255) NOT NULL,
    password character varying(255) NOT NULL,
    phone character varying(255) NOT NULL,
    CONSTRAINT users_client_type_check CHECK (((client_type)::text = ANY ((ARRAY['INDIVIDUAL'::character varying, 'COMPANY'::character varying])::text[])))
);


--
-- Name: users_id_seq; Type: SEQUENCE; Schema: public; Owner: -
--

ALTER TABLE public.users ALTER COLUMN id ADD GENERATED BY DEFAULT AS IDENTITY (
    SEQUENCE NAME public.users_id_seq
    START WITH 1
    INCREMENT BY 1
    NO MINVALUE
    NO MAXVALUE
    CACHE 1
);


--
-- Data for Name: category; Type: TABLE DATA; Schema: public; Owner: -
--

INSERT INTO public.category (id, description, name, url_thum) VALUES (1, 'Ceramica', 'ceramic', '/categories_images/thumCeramic.png');
INSERT INTO public.category (id, description, name, url_thum) VALUES (2, 'Mosaico', 'mosaic', '/categories_images/thumMosaico.jpg');


--
-- Data for Name: category_translation; Type: TABLE DATA; Schema: public; Owner: -
--

INSERT INTO public.category_translation (id, description, locale, name, category_id) VALUES (1, 'Cerámica', 'es', 'Cerámica', 1);
INSERT INTO public.category_translation (id, description, locale, name, category_id) VALUES (2, 'Ceramic', 'en', 'Ceramic', 1);
INSERT INTO public.category_translation (id, description, locale, name, category_id) VALUES (3, 'Mosaico', 'es', 'Mosaico', 2);
INSERT INTO public.category_translation (id, description, locale, name, category_id) VALUES (4, 'Mosaic', 'en', 'Mosaic', 2);


--
-- Data for Name: detail_order; Type: TABLE DATA; Schema: public; Owner: -
--



--
-- Data for Name: image_product; Type: TABLE DATA; Schema: public; Owner: -
--

INSERT INTO public.image_product (id, product_id, url_image, type) VALUES (1, 1, '/productos_images/OnyxBlackGold/OnyxBlackGoldThum.png', 'thumbnail');
INSERT INTO public.image_product (id, product_id, url_image, type) VALUES (2, 1, '/productos_images/OnyxBlackGold/OnyxBlackGoldDetail.png', 'detail');
INSERT INTO public.image_product (id, product_id, url_image, type) VALUES (3, 1, '/productos_images/OnyxBlackGold/OnyxBlackGoldComp1.png', 'composition');
INSERT INTO public.image_product (id, product_id, url_image, type) VALUES (4, 1, '/productos_images/OnyxBlackGold/OnyxBlackGoldComp2.png', 'composition');
INSERT INTO public.image_product (id, product_id, url_image, type) VALUES (5, 1, '/productos_images/OnyxBlackGold/OnyxBlackGoldComp3.png', 'composition');
INSERT INTO public.image_product (id, product_id, url_image, type) VALUES (6, 1, '/productos_images/OnyxBlackGold/OnyxBlackGoldComp4.png', 'composition');
INSERT INTO public.image_product (id, product_id, url_image, type) VALUES (7, 1, '/productos_images/OnyxBlackGold/OnyxBlackGoldComp5.png', 'composition');
INSERT INTO public.image_product (id, product_id, url_image, type) VALUES (8, 1, '/productos_images/OnyxBlackGold/OnyxBlackGoldComp6.png', 'composition');
INSERT INTO public.image_product (id, product_id, url_image, type) VALUES (9, 2, '/productos_images/StatuaryInvisibleGold/StatuaryInvisibleGoldThum.png', 'thumbnail');
INSERT INTO public.image_product (id, product_id, url_image, type) VALUES (10, 2, '/productos_images/StatuaryInvisibleGold/StatuaryInvisibleGoldDetail.png', 'detail');
INSERT INTO public.image_product (id, product_id, url_image, type) VALUES (11, 2, '/productos_images/StatuaryInvisibleGold/StatuaryInvisibleGoldComp1.png', 'composition');
INSERT INTO public.image_product (id, product_id, url_image, type) VALUES (12, 2, '/productos_images/StatuaryInvisibleGold/StatuaryInvisibleGoldComp2.png', 'composition');
INSERT INTO public.image_product (id, product_id, url_image, type) VALUES (13, 2, '/productos_images/StatuaryInvisibleGold/StatuaryInvisibleGoldComp3.png', 'composition');
INSERT INTO public.image_product (id, product_id, url_image, type) VALUES (14, 2, '/productos_images/StatuaryInvisibleGold/StatuaryInvisibleGoldComp4.png', 'composition');
INSERT INTO public.image_product (id, product_id, url_image, type) VALUES (15, 2, '/productos_images/StatuaryInvisibleGold/StatuaryInvisibleGoldComp5.png', 'composition');
INSERT INTO public.image_product (id, product_id, url_image, type) VALUES (16, 2, '/productos_images/StatuaryInvisibleGold/StatuaryInvisibleGoldComp6.png', 'composition');
INSERT INTO public.image_product (id, product_id, url_image, type) VALUES (17, 3, '/productos_images/GraniteGold/GraniteGoldThum.png', 'thumbnail');
INSERT INTO public.image_product (id, product_id, url_image, type) VALUES (18, 3, '/productos_images/GraniteGold/GraniteGoldDetail.png', 'detail');
INSERT INTO public.image_product (id, product_id, url_image, type) VALUES (19, 3, '/productos_images/GraniteGold/GraniteGoldComp1.png', 'composition');
INSERT INTO public.image_product (id, product_id, url_image, type) VALUES (20, 3, '/productos_images/GraniteGold/GraniteGoldComp2.png', 'composition');
INSERT INTO public.image_product (id, product_id, url_image, type) VALUES (21, 3, '/productos_images/GraniteGold/GraniteGoldComp3.png', 'composition');
INSERT INTO public.image_product (id, product_id, url_image, type) VALUES (22, 3, '/productos_images/GraniteGold/GraniteGoldComp4.png', 'composition');
INSERT INTO public.image_product (id, product_id, url_image, type) VALUES (23, 3, '/productos_images/GraniteGold/GraniteGoldComp5.png', 'composition');
INSERT INTO public.image_product (id, product_id, url_image, type) VALUES (24, 3, '/productos_images/GraniteGold/GraniteGoldComp6.png', 'composition');
INSERT INTO public.image_product (id, product_id, url_image, type) VALUES (27, 4, '/productos_images/SuperJetBlack/SuperJetBlackComp1.png', 'composition');
INSERT INTO public.image_product (id, product_id, url_image, type) VALUES (26, 4, '/productos_images/SuperJetBlack/SuperJetBlackDetail.png', 'detail');
INSERT INTO public.image_product (id, product_id, url_image, type) VALUES (25, 4, '/productos_images/SuperJetBlack/SuperJetBlackThum.png', 'thumbnail');
INSERT INTO public.image_product (id, product_id, url_image, type) VALUES (30, 4, '/productos_images/SuperJetBlack/SuperJetBlackComp4.png', 'composition');
INSERT INTO public.image_product (id, product_id, url_image, type) VALUES (28, 4, '/productos_images/SuperJetBlack/SuperJetBlackComp2.png', 'composition');
INSERT INTO public.image_product (id, product_id, url_image, type) VALUES (31, 4, '/productos_images/SuperJetBlack/SuperJetBlackComp5.png', 'composition');
INSERT INTO public.image_product (id, product_id, url_image, type) VALUES (29, 4, '/productos_images/SuperJetBlack/SuperJetBlackComp3.png', 'composition');
INSERT INTO public.image_product (id, product_id, url_image, type) VALUES (32, 4, '/productos_images/SuperJetBlack/SuperJetBlackComp6.png', 'composition');
INSERT INTO public.image_product (id, product_id, url_image, type) VALUES (33, 5, '/productos_images/LasaBlanco/LasaBlancoThum.png', 'thumbnail');
INSERT INTO public.image_product (id, product_id, url_image, type) VALUES (41, 6, '/productos_images/CardiaBlack/CardiaBlackThum.png', 'thumbnail');
INSERT INTO public.image_product (id, product_id, url_image, type) VALUES (42, 6, '/productos_images/CardiaBlack/CardiaBlackDetail.png', 'detail');
INSERT INTO public.image_product (id, product_id, url_image, type) VALUES (43, 6, '/productos_images/CardiaBlack/CardiaBlackDComp1.png', 'composition');
INSERT INTO public.image_product (id, product_id, url_image, type) VALUES (44, 6, '/productos_images/CardiaBlack/CardiaBlackDComp2.png', 'composition');
INSERT INTO public.image_product (id, product_id, url_image, type) VALUES (45, 6, '/productos_images/CardiaBlack/CardiaBlackDComp3.png', 'composition');
INSERT INTO public.image_product (id, product_id, url_image, type) VALUES (46, 6, '/productos_images/CardiaBlack/CardiaBlackDComp4.png', 'composition');
INSERT INTO public.image_product (id, product_id, url_image, type) VALUES (47, 6, '/productos_images/CardiaBlack/CardiaBlackDComp5.png', 'composition');
INSERT INTO public.image_product (id, product_id, url_image, type) VALUES (48, 6, '/productos_images/CardiaBlack/CardiaBlackDComp6.png', 'composition');
INSERT INTO public.image_product (id, product_id, url_image, type) VALUES (38, 5, '/productos_images/LasaBlanco/LasaBlancoComp4.png', 'composition');
INSERT INTO public.image_product (id, product_id, url_image, type) VALUES (37, 5, '/productos_images/LasaBlanco/LasaBlancoComp3.png', 'composition');
INSERT INTO public.image_product (id, product_id, url_image, type) VALUES (36, 5, '/productos_images/LasaBlanco/LasaBlancoComp2.png', 'composition');
INSERT INTO public.image_product (id, product_id, url_image, type) VALUES (40, 5, '/productos_images/LasaBlanco/LasaBlancoComp6.png', 'composition');
INSERT INTO public.image_product (id, product_id, url_image, type) VALUES (39, 5, '/productos_images/LasaBlanco/LasaBlancoComp5.png', 'composition');
INSERT INTO public.image_product (id, product_id, url_image, type) VALUES (34, 5, '/productos_images/LasaBlanco/LasaBlancoDetail.png', 'detail');
INSERT INTO public.image_product (id, product_id, url_image, type) VALUES (35, 5, '/productos_images/LasaBlanco/LasaBlancoComp1.png', 'composition');
INSERT INTO public.image_product (id, product_id, url_image, type) VALUES (51, 20, '/productos_images/AstoneNatural/AstoneComp1.png', 'composition');
INSERT INTO public.image_product (id, product_id, url_image, type) VALUES (58, 19, '/productos_images/BuffonIvory/BuffonIvoryDetail.png', 'detail');
INSERT INTO public.image_product (id, product_id, url_image, type) VALUES (60, 19, '/productos_images/BuffonIvory/BuffonIvoryComp2.png', 'composition');
INSERT INTO public.image_product (id, product_id, url_image, type) VALUES (64, 19, '/productos_images/BuffonIvory/BuffonIvoryComp6.png', 'composition');
INSERT INTO public.image_product (id, product_id, url_image, type) VALUES (62, 19, '/productos_images/BuffonIvory/BuffonIvoryComp4.png', 'composition');
INSERT INTO public.image_product (id, product_id, url_image, type) VALUES (57, 19, '/productos_images/BuffonIvory/BuffonIvoryThum.png', 'thumbnail');
INSERT INTO public.image_product (id, product_id, url_image, type) VALUES (59, 19, '/productos_images/BuffonIvory/BuffonIvoryComp1.png', 'composition');
INSERT INTO public.image_product (id, product_id, url_image, type) VALUES (61, 19, '/productos_images/BuffonIvory/BuffonIvoryComp3.png', 'composition');
INSERT INTO public.image_product (id, product_id, url_image, type) VALUES (71, 11, '/productos_images/CarraraElegant/CarraraElegantComp5.png', 'composition');
INSERT INTO public.image_product (id, product_id, url_image, type) VALUES (70, 11, '/productos_images/CarraraElegant/CarraraElegantComp4.png', 'composition');
INSERT INTO public.image_product (id, product_id, url_image, type) VALUES (67, 11, '/productos_images/CarraraElegant/CarraraElegantComp1.png', 'composition');
INSERT INTO public.image_product (id, product_id, url_image, type) VALUES (65, 11, '/productos_images/CarraraElegant/CarraraElegantThum.png', 'thumbnail');
INSERT INTO public.image_product (id, product_id, url_image, type) VALUES (66, 11, '/productos_images/CarraraElegant/CarraraElegantDetail.png', 'detail');
INSERT INTO public.image_product (id, product_id, url_image, type) VALUES (68, 11, '/productos_images/CarraraElegant/CarraraElegantComp2.png', 'composition');
INSERT INTO public.image_product (id, product_id, url_image, type) VALUES (69, 11, '/productos_images/CarraraElegant/CarraraElegantComp3.png', 'composition');
INSERT INTO public.image_product (id, product_id, url_image, type) VALUES (53, 20, '/productos_images/AstoneNatural/AstoneComp3.png', 'composition');
INSERT INTO public.image_product (id, product_id, url_image, type) VALUES (55, 20, '/productos_images/AstoneNatural/AstoneComp5.png', 'composition');
INSERT INTO public.image_product (id, product_id, url_image, type) VALUES (49, 20, '/productos_images/AstoneNatural/AstoneThum.png', 'thumbnail');
INSERT INTO public.image_product (id, product_id, url_image, type) VALUES (56, 20, '/productos_images/AstoneNatural/AstoneComp6.png', 'composition');
INSERT INTO public.image_product (id, product_id, url_image, type) VALUES (54, 20, '/productos_images/AstoneNatural/AstoneComp4.png', 'composition');
INSERT INTO public.image_product (id, product_id, url_image, type) VALUES (50, 20, '/productos_images/AstoneNatural/AstoneDetail.png', 'detail');
INSERT INTO public.image_product (id, product_id, url_image, type) VALUES (52, 20, '/productos_images/AstoneNatural/AstoneComp2.png', 'composition');
INSERT INTO public.image_product (id, product_id, url_image, type) VALUES (63, 19, '/productos_images/BuffonIvory/BuffonIvoryComp5.png', 'composition');
INSERT INTO public.image_product (id, product_id, url_image, type) VALUES (72, 11, '/productos_images/CarraraElegant/CarraraElegantComp6.png', 'composition');
INSERT INTO public.image_product (id, product_id, url_image, type) VALUES (73, 14, '/productos_images/LuxuriaBlack/LuxuriaBlackThum.png', 'thumbnail');
INSERT INTO public.image_product (id, product_id, url_image, type) VALUES (74, 14, '/productos_images/LuxuriaBlack/LuxuriaBlackDetail.png', 'detail');
INSERT INTO public.image_product (id, product_id, url_image, type) VALUES (75, 14, '/productos_images/LuxuriaBlack/LuxuriaBlackComp1.png', 'composition');
INSERT INTO public.image_product (id, product_id, url_image, type) VALUES (76, 14, '/productos_images/LuxuriaBlack/LuxuriaBlackComp2.png', 'composition');
INSERT INTO public.image_product (id, product_id, url_image, type) VALUES (77, 14, '/productos_images/LuxuriaBlack/LuxuriaBlackComp3.png', 'composition');
INSERT INTO public.image_product (id, product_id, url_image, type) VALUES (78, 14, '/productos_images/LuxuriaBlack/LuxuriaBlackComp4.png', 'composition');
INSERT INTO public.image_product (id, product_id, url_image, type) VALUES (79, 14, '/productos_images/LuxuriaBlack/LuxuriaBlackComp5.png', 'composition');
INSERT INTO public.image_product (id, product_id, url_image, type) VALUES (80, 14, '/productos_images/LuxuriaBlack/LuxuriaBlackComp6.png', 'composition');
INSERT INTO public.image_product (id, product_id, url_image, type) VALUES (81, 10, '/productos_images/LuxuryBlack/LuxuryBlackThum.png', 'thumbnail');
INSERT INTO public.image_product (id, product_id, url_image, type) VALUES (82, 10, '/productos_images/LuxuryBlack/LuxuryBlackDetail.png', 'detail');
INSERT INTO public.image_product (id, product_id, url_image, type) VALUES (83, 10, '/productos_images/LuxuryBlack/LuxuryBlackComp1.png', 'composition');
INSERT INTO public.image_product (id, product_id, url_image, type) VALUES (84, 10, '/productos_images/LuxuryBlack/LuxuryBlackComp2.png', 'composition');
INSERT INTO public.image_product (id, product_id, url_image, type) VALUES (85, 10, '/productos_images/LuxuryBlack/LuxuryBlackComp3.png', 'composition');
INSERT INTO public.image_product (id, product_id, url_image, type) VALUES (86, 10, '/productos_images/LuxuryBlack/LuxuryBlackComp4.png', 'composition');
INSERT INTO public.image_product (id, product_id, url_image, type) VALUES (87, 10, '/productos_images/LuxuryBlack/LuxuryBlackComp5.png', 'composition');
INSERT INTO public.image_product (id, product_id, url_image, type) VALUES (88, 10, '/productos_images/LuxuryBlack/LuxuryBlackComp6.png', 'composition');
INSERT INTO public.image_product (id, product_id, url_image, type) VALUES (89, 9, '/productos_images/NomuraYellow/NomuraYellowThum.png', 'thumbnail');
INSERT INTO public.image_product (id, product_id, url_image, type) VALUES (90, 9, '/productos_images/NomuraYellow/NomuraYellowDetail.png', 'detail');
INSERT INTO public.image_product (id, product_id, url_image, type) VALUES (91, 9, '/productos_images/NomuraYellow/NomuraYellowComp1.png', 'composition');
INSERT INTO public.image_product (id, product_id, url_image, type) VALUES (92, 9, '/productos_images/NomuraYellow/NomuraYellowComp2.png', 'composition');
INSERT INTO public.image_product (id, product_id, url_image, type) VALUES (93, 9, '/productos_images/NomuraYellow/NomuraYellowComp3.png', 'composition');
INSERT INTO public.image_product (id, product_id, url_image, type) VALUES (94, 9, '/productos_images/NomuraYellow/NomuraYellowComp4.png', 'composition');
INSERT INTO public.image_product (id, product_id, url_image, type) VALUES (95, 9, '/productos_images/NomuraYellow/NomuraYellowComp5.png', 'composition');
INSERT INTO public.image_product (id, product_id, url_image, type) VALUES (96, 9, '/productos_images/NomuraYellow/NomuraYellowComp6.png', 'composition');
INSERT INTO public.image_product (id, product_id, url_image, type) VALUES (97, 8, '/productos_images/RandomBlack/RandomBlackThum.png', 'thumbnail');
INSERT INTO public.image_product (id, product_id, url_image, type) VALUES (98, 8, '/productos_images/RandomBlack/RandomBlackDetail.png', 'detail');
INSERT INTO public.image_product (id, product_id, url_image, type) VALUES (99, 8, '/productos_images/RandomBlack/RandomBlackComp1.png', 'composition');
INSERT INTO public.image_product (id, product_id, url_image, type) VALUES (100, 8, '/productos_images/RandomBlack/RandomBlackComp2.png', 'composition');
INSERT INTO public.image_product (id, product_id, url_image, type) VALUES (101, 8, '/productos_images/RandomBlack/RandomBlackComp3.png', 'composition');
INSERT INTO public.image_product (id, product_id, url_image, type) VALUES (102, 8, '/productos_images/RandomBlack/RandomBlackComp4.png', 'composition');
INSERT INTO public.image_product (id, product_id, url_image, type) VALUES (103, 8, '/productos_images/RandomBlack/RandomBlackComp5.png', 'composition');
INSERT INTO public.image_product (id, product_id, url_image, type) VALUES (104, 8, '/productos_images/RandomBlack/RandomBlackComp6.png', 'composition');
INSERT INTO public.image_product (id, product_id, url_image, type) VALUES (105, 12, '/productos_images/StatuaryIrsihGray/StatuaryIrishGrayThum.png', 'thumbnail');
INSERT INTO public.image_product (id, product_id, url_image, type) VALUES (106, 12, '/productos_images/StatuaryIrsihGray/StatuaryIrishGrayDetail.png', 'detail');
INSERT INTO public.image_product (id, product_id, url_image, type) VALUES (107, 12, '/productos_images/StatuaryIrsihGray/StatuaryIrishGrayComp1.png', 'composition');
INSERT INTO public.image_product (id, product_id, url_image, type) VALUES (108, 12, '/productos_images/StatuaryIrsihGray/StatuaryIrishGrayComp2.png', 'composition');
INSERT INTO public.image_product (id, product_id, url_image, type) VALUES (109, 12, '/productos_images/StatuaryIrsihGray/StatuaryIrishGrayComp3.png', 'composition');
INSERT INTO public.image_product (id, product_id, url_image, type) VALUES (110, 12, '/productos_images/StatuaryIrsihGray/StatuaryIrishGrayComp4.png', 'composition');
INSERT INTO public.image_product (id, product_id, url_image, type) VALUES (111, 12, '/productos_images/StatuaryIrsihGray/StatuaryIrishGrayComp5.png', 'composition');
INSERT INTO public.image_product (id, product_id, url_image, type) VALUES (112, 12, '/productos_images/StatuaryIrsihGray/StatuaryIrishGrayComp6.png', 'composition');
INSERT INTO public.image_product (id, product_id, url_image, type) VALUES (113, 13, '/productos_images/HarkesBliss/HarkesBlissThum.png', 'thumbnail');
INSERT INTO public.image_product (id, product_id, url_image, type) VALUES (114, 13, '/productos_images/HarkesBliss/HarkesBlissDetail.png', 'detail');
INSERT INTO public.image_product (id, product_id, url_image, type) VALUES (115, 13, '/productos_images/HarkesBliss/HarkesBlissComp1.png', 'composition');
INSERT INTO public.image_product (id, product_id, url_image, type) VALUES (116, 13, '/productos_images/HarkesBliss/HarkesBlissComp2.png', 'composition');
INSERT INTO public.image_product (id, product_id, url_image, type) VALUES (117, 13, '/productos_images/HarkesBliss/HarkesBlissComp3.png', 'composition');
INSERT INTO public.image_product (id, product_id, url_image, type) VALUES (118, 13, '/productos_images/HarkesBliss/HarkesBlissComp4.png', 'composition');
INSERT INTO public.image_product (id, product_id, url_image, type) VALUES (119, 13, '/productos_images/HarkesBliss/HarkesBlissComp5.png', 'composition');
INSERT INTO public.image_product (id, product_id, url_image, type) VALUES (120, 13, '/productos_images/HarkesBliss/HarkesBlissComp6.png', 'composition');
INSERT INTO public.image_product (id, product_id, url_image, type) VALUES (121, 16, '/productos_images/ZumaPurple/ZumaPurpleThum.png', 'thumbnail');
INSERT INTO public.image_product (id, product_id, url_image, type) VALUES (122, 16, '/productos_images/ZumaPurple/ZumaPurpleDetail.png', 'detail');
INSERT INTO public.image_product (id, product_id, url_image, type) VALUES (123, 16, '/productos_images/ZumaPurple/ZumaPurpleComp1.png', 'composition');
INSERT INTO public.image_product (id, product_id, url_image, type) VALUES (124, 16, '/productos_images/ZumaPurple/ZumaPurpleComp2.png', 'composition');
INSERT INTO public.image_product (id, product_id, url_image, type) VALUES (125, 16, '/productos_images/ZumaPurple/ZumaPurpleComp3.png', 'composition');
INSERT INTO public.image_product (id, product_id, url_image, type) VALUES (126, 16, '/productos_images/ZumaPurple/ZumaPurpleComp4.png', 'composition');
INSERT INTO public.image_product (id, product_id, url_image, type) VALUES (127, 16, '/productos_images/ZumaPurple/ZumaPurpleComp5.png', 'composition');
INSERT INTO public.image_product (id, product_id, url_image, type) VALUES (129, 16, '/productos_images/ZumaPurple/ZumaPurpleComp6.png', 'composition');
INSERT INTO public.image_product (id, product_id, url_image, type) VALUES (130, 17, '/productos_images/OnyxPink/OnyxPinkThum.png', 'thumbnail');
INSERT INTO public.image_product (id, product_id, url_image, type) VALUES (131, 17, '/productos_images/OnyxPink/OnyxPinkDetail.png', 'detail');
INSERT INTO public.image_product (id, product_id, url_image, type) VALUES (132, 17, '/productos_images/OnyxPink/OnyxPinkComp1.png', 'composition');
INSERT INTO public.image_product (id, product_id, url_image, type) VALUES (133, 17, '/productos_images/OnyxPink/OnyxPinkComp2.png', 'composition');
INSERT INTO public.image_product (id, product_id, url_image, type) VALUES (134, 17, '/productos_images/OnyxPink/OnyxPinkComp3.png', 'composition');
INSERT INTO public.image_product (id, product_id, url_image, type) VALUES (135, 17, '/productos_images/OnyxPink/OnyxPinkComp4.png', 'composition');
INSERT INTO public.image_product (id, product_id, url_image, type) VALUES (136, 17, '/productos_images/OnyxPink/OnyxPinkComp5.png', 'composition');
INSERT INTO public.image_product (id, product_id, url_image, type) VALUES (137, 17, '/productos_images/OnyxPink/OnyxPinkComp6.png', 'composition');
INSERT INTO public.image_product (id, product_id, url_image, type) VALUES (138, 15, '/productos_images/RoyalOperaGreen/RoyalOperaGreenThum.png', 'thumbnail');
INSERT INTO public.image_product (id, product_id, url_image, type) VALUES (139, 15, '/productos_images/RoyalOperaGreen/RoyalOperaGreenDetail.png', 'detail');
INSERT INTO public.image_product (id, product_id, url_image, type) VALUES (140, 15, '/productos_images/RoyalOperaGreen/RoyalOperaGreenComp1.png', 'composition');
INSERT INTO public.image_product (id, product_id, url_image, type) VALUES (141, 15, '/productos_images/RoyalOperaGreen/RoyalOperaGreenComp2.png', 'composition');
INSERT INTO public.image_product (id, product_id, url_image, type) VALUES (142, 15, '/productos_images/RoyalOperaGreen/RoyalOperaGreenComp3.png', 'composition');
INSERT INTO public.image_product (id, product_id, url_image, type) VALUES (143, 15, '/productos_images/RoyalOperaGreen/RoyalOperaGreenComp4.png', 'composition');
INSERT INTO public.image_product (id, product_id, url_image, type) VALUES (144, 15, '/productos_images/RoyalOperaGreen/RoyalOperaGreenComp5.png', 'composition');
INSERT INTO public.image_product (id, product_id, url_image, type) VALUES (145, 15, '/productos_images/RoyalOperaGreen/RoyalOperaGreenComp6.png', 'composition');
INSERT INTO public.image_product (id, product_id, url_image, type) VALUES (146, 7, '/productos_images/OnyxBrownGold/OnyxBrownGoldThum.png', 'thumbnail');
INSERT INTO public.image_product (id, product_id, url_image, type) VALUES (147, 7, '/productos_images/OnyxBrownGold/OnyxBrownGoldDetail.png', 'detail');
INSERT INTO public.image_product (id, product_id, url_image, type) VALUES (148, 7, '/productos_images/OnyxBrownGold/OnyxBrownGoldComp1.png', 'composition');
INSERT INTO public.image_product (id, product_id, url_image, type) VALUES (149, 7, '/productos_images/OnyxBrownGold/OnyxBrownGoldComp2.png', 'composition');
INSERT INTO public.image_product (id, product_id, url_image, type) VALUES (150, 7, '/productos_images/OnyxBrownGold/OnyxBrownGoldComp3.png', 'composition');
INSERT INTO public.image_product (id, product_id, url_image, type) VALUES (151, 7, '/productos_images/OnyxBrownGold/OnyxBrownGoldComp4.png', 'composition');
INSERT INTO public.image_product (id, product_id, url_image, type) VALUES (152, 7, '/productos_images/OnyxBrownGold/OnyxBrownGoldComp5.png', 'composition');
INSERT INTO public.image_product (id, product_id, url_image, type) VALUES (153, 7, '/productos_images/OnyxBrownGold/OnyxBrownGoldComp6.png', 'composition');
INSERT INTO public.image_product (id, product_id, url_image, type) VALUES (154, 18, '/productos_images/OperaSilver/OperaSilverThum.png', 'thumbnail');
INSERT INTO public.image_product (id, product_id, url_image, type) VALUES (155, 18, '/productos_images/OperaSilver/OperaSilverDetail.png', 'detail');
INSERT INTO public.image_product (id, product_id, url_image, type) VALUES (156, 18, '/productos_images/OperaSilver/OperaSilverComp1.png', 'composition');
INSERT INTO public.image_product (id, product_id, url_image, type) VALUES (157, 18, '/productos_images/OperaSilver/OperaSilverComp2.png', 'composition');
INSERT INTO public.image_product (id, product_id, url_image, type) VALUES (158, 18, '/productos_images/OperaSilver/OperaSilverComp3.png', 'composition');
INSERT INTO public.image_product (id, product_id, url_image, type) VALUES (159, 18, '/productos_images/OperaSilver/OperaSilverComp4.png', 'composition');
INSERT INTO public.image_product (id, product_id, url_image, type) VALUES (160, 18, '/productos_images/OperaSilver/OperaSilverComp5.png', 'composition');
INSERT INTO public.image_product (id, product_id, url_image, type) VALUES (161, 18, '/productos_images/OperaSilver/OperaSilverComp6.png', 'composition');
INSERT INTO public.image_product (id, product_id, url_image, type) VALUES (162, 21, '/productos_images/NewEnglandPearl/NewEnglandPearlThum.png', 'thumbnail');
INSERT INTO public.image_product (id, product_id, url_image, type) VALUES (163, 21, '/productos_images/NewEnglandPearl/NewEnglandPearlDetail.png', 'detail');
INSERT INTO public.image_product (id, product_id, url_image, type) VALUES (164, 21, '/productos_images/NewEnglandPearl/NewEnglandPearlComp1.png', 'composition');
INSERT INTO public.image_product (id, product_id, url_image, type) VALUES (165, 21, '/productos_images/NewEnglandPearl/NewEnglandPearlComp2.png', 'composition');
INSERT INTO public.image_product (id, product_id, url_image, type) VALUES (166, 21, '/productos_images/NewEnglandPearl/NewEnglandPearlComp3.png', 'composition');
INSERT INTO public.image_product (id, product_id, url_image, type) VALUES (167, 21, '/productos_images/NewEnglandPearl/NewEnglandPearlComp4.png', 'composition');
INSERT INTO public.image_product (id, product_id, url_image, type) VALUES (168, 21, '/productos_images/NewEnglandPearl/NewEnglandPearlComp5.png', 'composition');
INSERT INTO public.image_product (id, product_id, url_image, type) VALUES (169, 21, '/productos_images/NewEnglandPearl/NewEnglandPearlComp6.png', 'composition');
INSERT INTO public.image_product (id, product_id, url_image, type) VALUES (170, 22, '/productos_images/NewEnglandParda/NewEnglandPradaThum.png', 'thumbnail');
INSERT INTO public.image_product (id, product_id, url_image, type) VALUES (171, 22, '/productos_images/NewEnglandParda/NewEnglandPradaDetail.png', 'detail');
INSERT INTO public.image_product (id, product_id, url_image, type) VALUES (172, 22, '/productos_images/NewEnglandParda/NewEnglandPradaComp1.png', 'composition');
INSERT INTO public.image_product (id, product_id, url_image, type) VALUES (173, 22, '/productos_images/NewEnglandParda/NewEnglandPradaComp2.png', 'composition');
INSERT INTO public.image_product (id, product_id, url_image, type) VALUES (174, 22, '/productos_images/NewEnglandParda/NewEnglandPradaComp3.png', 'composition');
INSERT INTO public.image_product (id, product_id, url_image, type) VALUES (175, 22, '/productos_images/NewEnglandParda/NewEnglandPradaComp4.png', 'composition');
INSERT INTO public.image_product (id, product_id, url_image, type) VALUES (176, 22, '/productos_images/NewEnglandParda/NewEnglandPradaComp5.png', 'composition');
INSERT INTO public.image_product (id, product_id, url_image, type) VALUES (177, 22, '/productos_images/NewEnglandParda/NewEnglandPradaComp6.png', 'composition');


--
-- Data for Name: messages; Type: TABLE DATA; Schema: public; Owner: -
--



--
-- Data for Name: orders; Type: TABLE DATA; Schema: public; Owner: -
--



--
-- Data for Name: product; Type: TABLE DATA; Schema: public; Owner: -
--

INSERT INTO public.product (price, thickness, category_id, id, description, finishes, material, name, size, type, m2_per_box, m2_per_pallet, pieces_per_box, weight_per_box, weight_per_pallet, box_per_pallet) VALUES (NULL, 0.9, 1, 8, 'Negro aleatório', 'polish', 'Ceramica', 'Random Black', '60x120', 'art_stone', 1.44, 48.96, 2, 27.5, 935, 34);
INSERT INTO public.product (price, thickness, category_id, id, description, finishes, material, name, size, type, m2_per_box, m2_per_pallet, pieces_per_box, weight_per_box, weight_per_pallet, box_per_pallet) VALUES (NULL, 0.9, 1, 4, 'Super negro jet', 'polish', 'Ceramica', 'Super Jet Black', '60x120', 'art_stone', 1.44, 48.96, 2, 27.5, 935, 34);
INSERT INTO public.product (price, thickness, category_id, id, description, finishes, material, name, size, type, m2_per_box, m2_per_pallet, pieces_per_box, weight_per_box, weight_per_pallet, box_per_pallet) VALUES (NULL, 0.9, 1, 9, 'Amarillo Nomura', 'polish', 'Ceramica', 'Nomura Yellow', '60x120', 'art_stone', 1.44, 48.96, 2, 27.5, 935, 34);
INSERT INTO public.product (price, thickness, category_id, id, description, finishes, material, name, size, type, m2_per_box, m2_per_pallet, pieces_per_box, weight_per_box, weight_per_pallet, box_per_pallet) VALUES (NULL, 0.9, 1, 10, 'Negro lujo', 'polish', 'Ceramica', 'Luxury Black', '60x120', 'art_stone', 1.44, 48.96, 2, 27.5, 935, 34);
INSERT INTO public.product (price, thickness, category_id, id, description, finishes, material, name, size, type, m2_per_box, m2_per_pallet, pieces_per_box, weight_per_box, weight_per_pallet, box_per_pallet) VALUES (NULL, 0.9, 1, 11, 'Carrara elegante', 'polish', 'Ceramica', 'Carrara Elegant', '60x120', 'marble', 1.44, 48.96, 2, 27.5, 935, 34);
INSERT INTO public.product (price, thickness, category_id, id, description, finishes, material, name, size, type, m2_per_box, m2_per_pallet, pieces_per_box, weight_per_box, weight_per_pallet, box_per_pallet) VALUES (NULL, 0.9, 1, 13, 'Harkes Bliss', 'polish', 'Ceramica', 'Harkes Bliss', '60x120', 'marble', 1.44, 48.96, 2, 27.5, 935, 34);
INSERT INTO public.product (price, thickness, category_id, id, description, finishes, material, name, size, type, m2_per_box, m2_per_pallet, pieces_per_box, weight_per_box, weight_per_pallet, box_per_pallet) VALUES (NULL, 0.9, 1, 14, 'Negro Luxuria', 'polish', 'Ceramica', 'Luxuria Black', '60x120', 'marble', 1.44, 48.96, 2, 27.5, 935, 34);
INSERT INTO public.product (price, thickness, category_id, id, description, finishes, material, name, size, type, m2_per_box, m2_per_pallet, pieces_per_box, weight_per_box, weight_per_pallet, box_per_pallet) VALUES (NULL, 0.9, 1, 17, 'Rosa ónice', 'polish', 'Ceramica', 'Onyx Pink', '60x120', 'marble', 1.44, 48.96, 2, 27.5, 935, 34);
INSERT INTO public.product (price, thickness, category_id, id, description, finishes, material, name, size, type, m2_per_box, m2_per_pallet, pieces_per_box, weight_per_box, weight_per_pallet, box_per_pallet) VALUES (NULL, 0.9, 1, 15, 'Verde realeza de ópera', 'polish', 'Ceramica', 'Royal Opera Green', '60x120', 'marble', 1.44, 48.96, 2, 27.5, 935, 34);
INSERT INTO public.product (price, thickness, category_id, id, description, finishes, material, name, size, type, m2_per_box, m2_per_pallet, pieces_per_box, weight_per_box, weight_per_pallet, box_per_pallet) VALUES (NULL, 0.9, 1, 16, 'Morado Zuma', 'polish', 'Ceramica', 'Zuma Purple', '60x120', 'marble', 1.44, 48.96, 2, 27.5, 935, 34);
INSERT INTO public.product (price, thickness, category_id, id, description, finishes, material, name, size, type, m2_per_box, m2_per_pallet, pieces_per_box, weight_per_box, weight_per_pallet, box_per_pallet) VALUES (NULL, 0.9, 1, 6, 'Cardia negro', 'polish', 'Ceramica', 'Cardia Black', '60x120', 'stone', 1.44, 48.96, 2, 27.5, 935, 34);
INSERT INTO public.product (price, thickness, category_id, id, description, finishes, material, name, size, type, m2_per_box, m2_per_pallet, pieces_per_box, weight_per_box, weight_per_pallet, box_per_pallet) VALUES (NULL, 0.9, 1, 2, 'Dorado estatua invisible', 'polish', 'Ceramica', 'Statuary Invisible Gold', '60x120', 'pure_gold', 1.44, 46.08, 2, 27.5, 880, 32);
INSERT INTO public.product (price, thickness, category_id, id, description, finishes, material, name, size, type, m2_per_box, m2_per_pallet, pieces_per_box, weight_per_box, weight_per_pallet, box_per_pallet) VALUES (NULL, 0.9, 1, 7, 'Marrón y dorado ónice', 'polish', 'Ceramica', 'Onyx Brown Gold', '60x120', 'pure_gold', 1.44, 46.08, 2, 27.5, 880, 32);
INSERT INTO public.product (price, thickness, category_id, id, description, finishes, material, name, size, type, m2_per_box, m2_per_pallet, pieces_per_box, weight_per_box, weight_per_pallet, box_per_pallet) VALUES (NULL, 0.9, 1, 1, 'Negro y dorado onice', 'polish', 'Ceramica', 'Onyx Black Gold', '60x120', 'pure_gold', 1.44, 46.08, 2, 27.5, 880, 32);
INSERT INTO public.product (price, thickness, category_id, id, description, finishes, material, name, size, type, m2_per_box, m2_per_pallet, pieces_per_box, weight_per_box, weight_per_pallet, box_per_pallet) VALUES (NULL, 0.9, 1, 3, 'Dorado granito', 'polish', 'Ceramica', 'Granite Gold', '60x120', 'pure_gold', 1.44, 46.08, 2, 27.5, 880, 32);
INSERT INTO public.product (price, thickness, category_id, id, description, finishes, material, name, size, type, m2_per_box, m2_per_pallet, pieces_per_box, weight_per_box, weight_per_pallet, box_per_pallet) VALUES (NULL, 0.9, 1, 22, 'Prado de Nueva Inglaterra', 'polish', 'Ceramica', 'New England Prada', '60x120', 'stone', 1.44, 46.08, 2, 27.5, 880, 32);
INSERT INTO public.product (price, thickness, category_id, id, description, finishes, material, name, size, type, m2_per_box, m2_per_pallet, pieces_per_box, weight_per_box, weight_per_pallet, box_per_pallet) VALUES (NULL, 0.9, 1, 21, 'Perla de Nueva Inglaterra', 'polish', 'Ceramica', 'New England Pearl', '60x120', 'stone', 1.44, 46.08, 2, 27.5, 880, 32);
INSERT INTO public.product (price, thickness, category_id, id, description, finishes, material, name, size, type, m2_per_box, m2_per_pallet, pieces_per_box, weight_per_box, weight_per_pallet, box_per_pallet) VALUES (NULL, 0.9, 1, 20, 'Piedra cenicienta natural', 'polish', 'Ceramica', 'Astone Natural', '60x120', 'stone', 1.44, 46.08, 2, 27.5, 880, 32);
INSERT INTO public.product (price, thickness, category_id, id, description, finishes, material, name, size, type, m2_per_box, m2_per_pallet, pieces_per_box, weight_per_box, weight_per_pallet, box_per_pallet) VALUES (NULL, 0.9, 1, 12, 'Gris estatua irlandés', 'polish', 'Ceramica', 'Statuary Irish Gray', '60x120', 'marble', 1.44, 46.08, 2, 27.5, 880, 32);
INSERT INTO public.product (price, thickness, category_id, id, description, finishes, material, name, size, type, m2_per_box, m2_per_pallet, pieces_per_box, weight_per_box, weight_per_pallet, box_per_pallet) VALUES (NULL, 0.9, 1, 5, 'Lasa blanco', 'polish', 'Ceramica', 'Lasa Blanco', '60x120', 'marble', 1.44, 46.08, 2, 27.5, 880, 32);
INSERT INTO public.product (price, thickness, category_id, id, description, finishes, material, name, size, type, m2_per_box, m2_per_pallet, pieces_per_box, weight_per_box, weight_per_pallet, box_per_pallet) VALUES (NULL, 0.9, 1, 18, 'Plateado ópera', 'polish', 'Ceramica', 'Opera Silver', '60x120', 'stone', 1.44, 48.96, 2, 27.5, 935, 34);
INSERT INTO public.product (price, thickness, category_id, id, description, finishes, material, name, size, type, m2_per_box, m2_per_pallet, pieces_per_box, weight_per_box, weight_per_pallet, box_per_pallet) VALUES (NULL, 0.9, 1, 19, 'Buffon ivory', 'polish', 'Ceramica', 'Buffon Ivory', '60x120', 'stone', 1.44, 48.96, 2, 27.5, 935, 34);


--
-- Data for Name: product_translation; Type: TABLE DATA; Schema: public; Owner: -
--

INSERT INTO public.product_translation (id, description, locale, name, product_id) VALUES (6, 'Inspired in the Cararra marble, from Italy, with the penetrating gold vine. Ultimate expression of natural luxury, featuring a pristine white background with dramatic, soft golden veining. Often called a natural masterpiece, its unique, thick gold or coppery veins create opulent, one-of-a-kind patterns popular in high-end design.
', 'en', 'Statuary Invisible Gold', 2);
INSERT INTO public.product_translation (id, description, locale, name, product_id) VALUES (23, 'Lo natural en su máxima expresión. Mármol azul con veteados grises.', 'es', 'Harkes Bliss', 13);
INSERT INTO public.product_translation (id, description, locale, name, product_id) VALUES (37, 'Nature at its best. Classic English stone with grey tones. Classic English stone with grey tones embodies a timeless, natural aesthetic, frequently characterized by subtle veining, fossil details, and durable textures suited for both rustic and modern settings.
', 'en', 'Astone Natural', 20);
INSERT INTO public.product_translation (id, description, locale, name, product_id) VALUES (16, 'Art brought to life in yellow tones
', 'en', 'Nomura Yellow', 9);
INSERT INTO public.product_translation (id, description, locale, name, product_id) VALUES (17, 'Arte que cobra vida en negro y tonos ígneos.', 'es', 'Luxury Black', 10);
INSERT INTO public.product_translation (id, description, locale, name, product_id) VALUES (14, 'Brown onyx with the penetrating gold vine.', 'en', 'Onyx Brown Gold', 7);
INSERT INTO public.product_translation (id, description, locale, name, product_id) VALUES (18, 'Art brought to life in black and fire tones
', 'en', 'Luxury Black', 10);
INSERT INTO public.product_translation (id, description, locale, name, product_id) VALUES (24, 'Nature at its best. Marble with biue and grey veining.
', 'en', 'Harkes Bliss', 13);
INSERT INTO public.product_translation (id, description, locale, name, product_id) VALUES (8, 'Nature at its best. Black marble with white veining. 
', 'en', 'Cardia Black', 6);
INSERT INTO public.product_translation (id, description, locale, name, product_id) VALUES (4, 'The combination of deep black onyx with intricate, "penetrating" gold vines or leaves is a popular design choice in nature-inspired jewelry, often representing a dramatic contrast between strength and organic beauty. This style frequently features delicate gold filigree, leaves, or "lightning-vein" patterns wrapping around, or embedded within, a polished onyx stone.', 'en', 'Onyx Black Gold', 1);
INSERT INTO public.product_translation (id, description, locale, name, product_id) VALUES (31, 'Pure black flat tile and interlocking decorative tile.', 'en', 'Random Black', 8);
INSERT INTO public.product_translation (id, description, locale, name, product_id) VALUES (2, 'Pure black polish surface.', 'en', 'Super Jet Back', 4);
INSERT INTO public.product_translation (id, description, locale, name, product_id) VALUES (27, 'Nature at its best. Pink onyx with the elegant brown veining.', 'en', 'Onyx Pink', 17);
INSERT INTO public.product_translation (id, description, locale, name, product_id) VALUES (10, 'Nature at its best. Classic Lassa stone with with slight grey veining. Bianco Lasa (often referred to as Lassa) marble is an exquisite, high-quality white calcite stone quarried in the Lasa Valley of the northern Italian Alps. Renowned for its snow-white, crystalline base and elegant, often linear grey-blue veining, it is a premier choice for luxury, sophistication, and timeless design.
', 'en', 'Blanco Lasa', 5);
INSERT INTO public.product_translation (id, description, locale, name, product_id) VALUES (41, 'Nature at its best. Natural grey polished stone.', 'en', 'New England Prada', 22);
INSERT INTO public.product_translation (id, description, locale, name, product_id) VALUES (39, 'Nature at its best. Natural grey polished stone.', 'en', 'New England Pearl', 21);
INSERT INTO public.product_translation (id, description, locale, name, product_id) VALUES (20, 'Nature at its best. Classic Carrara marble with grey and tones of baige. Classic Carrara marble, quarried in Italy''s Apuan Alps, is celebrated for its soft white base and elegant grey veining. This timeless, natural stone adds sophisticated, bright, and luxurious appeal to spaces through applications like countertops, flooring, and backsplashes. It requires regular cleaning and sealing to maintain its beauty.
', 'en', 'Carrara Elegant', 11);
INSERT INTO public.product_translation (id, description, locale, name, product_id) VALUES (12, 'Brown granite stone with the penetrating gold dots. Brown granite with penetrating gold, offers a luxurious, high-contrast look characterized by warm, chocolate-brown bases veined with dramatic, metallic golden threads.

', 'en', 'Granite Gold', 3);
INSERT INTO public.product_translation (id, description, locale, name, product_id) VALUES (25, 'Nature at its best. Purple marble with brown veining.', 'en', 'Zuma Purple', 16);
INSERT INTO public.product_translation (id, description, locale, name, product_id) VALUES (33, 'Nature at its best. Natural grey polished stone.', 'en', 'Opera Silver', 18);
INSERT INTO public.product_translation (id, description, locale, name, product_id) VALUES (32, 'Negro puro con piezas decorativas intercaladas con diferentes grados de brillo que alternan en diferentes grados de plateado. 

', 'es', 'Random Black', 8);
INSERT INTO public.product_translation (id, description, locale, name, product_id) VALUES (22, 'Nature at its best. Classic Statuary marble with pure white color and grey veining. Classic Statuary marble (often referred to as Statuario) represents one of the most prestigious and desired Italian marbles, characterized by a luminous, snow-white background contrasted with bold, dramatic grey veining. Renowned for its refined aesthetic, this stone has been used for centuries in luxury architectural projects and iconic sculptures.
', 'en', 'Statuary Irish Gray', 12);
INSERT INTO public.product_translation (id, description, locale, name, product_id) VALUES (7, 'Lo natural en su máxima expresión. Mármo negro con veteados blancos.', 'es', 'Negro Cardia', 6);
INSERT INTO public.product_translation (id, description, locale, name, product_id) VALUES (9, 'La naturaleza en su máxima expresión. Clásica piedra Lassa con sutiles vetas grises. El mármol blanco Lassa es una exquisita piedra de calcítica blanca de alta calidad, extraída en el valle de Lasa, en los Alpes del norte de Italia. Reconocido por su base blanco nieve, de estructura cristalina, y sus elegantes vetas gris-azuladas, a menudo lineales, es una elección de primer nivel para el lujo, la sofisticación y el diseño atemporal.', 'es', 'Blanco Lasa', 5);
INSERT INTO public.product_translation (id, description, locale, name, product_id) VALUES (1, 'Negro puro en un acabado pulido y brillante.', 'es', 'Negro Super Jet', 4);
INSERT INTO public.product_translation (id, description, locale, name, product_id) VALUES (40, 'Lo natural en su máxima expresión. Gris pétreo con acabado pulido.', 'es', 'Perla de Nueva Inglaterra', 21);
INSERT INTO public.product_translation (id, description, locale, name, product_id) VALUES (34, 'Lo natural en su máxima expresión. Gris pétreo con acabado pulido.', 'es', 'Plateado ópera', 18);
INSERT INTO public.product_translation (id, description, locale, name, product_id) VALUES (38, 'Lo natural en su máxima expresión. El aspecto de clásica piedra inglesa con sutiles gradiantes de gris.', 'es', 'Astone Natural', 20);
INSERT INTO public.product_translation (id, description, locale, name, product_id) VALUES (44, 'Lo natural en su máxima expresión. Mármol negro con tonos azules.', 'es', 'Luxuria Black', 14);
INSERT INTO public.product_translation (id, description, locale, name, product_id) VALUES (28, 'Lo natural en su máxima expresión. Rosa ónice con veteado de marrón natural.', 'es', 'Rosa Ónice', 17);
INSERT INTO public.product_translation (id, description, locale, name, product_id) VALUES (29, 'Royal Opera Green', 'en', 'Royal Opera Green', 15);
INSERT INTO public.product_translation (id, description, locale, name, product_id) VALUES (43, 'Luxuria Black', 'en', 'Luxuria Black', 14);
INSERT INTO public.product_translation (id, description, locale, name, product_id) VALUES (35, 'Buffon Ivory', 'en', 'Buffon Ivory', 19);
INSERT INTO public.product_translation (id, description, locale, name, product_id) VALUES (11, 'Granito marrón con puntos dorados penetrantes. Este material ofrece una apariencia lujosa y de alto contraste, caracterizada por sus cálidos tonos marrón chocolate, salpicado por vibrantes motas doradas.', 'es', 'Granito dorado', 3);
INSERT INTO public.product_translation (id, description, locale, name, product_id) VALUES (30, 'Royal Opera Green', 'es', 'Verde ópera de realeza', 15);
INSERT INTO public.product_translation (id, description, locale, name, product_id) VALUES (3, 'Ónice negro con penetrantes vetas doradas. La combinación del negro profundo con intrincadas vetas doradas es una elección popular en la joyería inspirada en la naturaleza, representando un contraste dramático entre fuerza y belleza orgánicas. Este estilo presenta con frecuencia delicadas filigranas de oro, así como patrones en forma de enredaderas o vetas relampagueantes, que envuelven o se incrustan en la piedra de ónice pulida.', 'es', 'Negro ónice dorado', 1);
INSERT INTO public.product_translation (id, description, locale, name, product_id) VALUES (26, 'Lo natural en su máxima expresión. Tonos morados con veteados marrones.', 'es', 'Morado Zuma', 16);
INSERT INTO public.product_translation (id, description, locale, name, product_id) VALUES (15, 'Arte que cobra vida en tonos amarillos y blancos.', 'es', 'Amarillo Nomura', 9);
INSERT INTO public.product_translation (id, description, locale, name, product_id) VALUES (5, 'Inspirado en el mármol de Carrara, Italia, con vetas doradas penetrantes. La máxima expresión del lujo natural, presenta un fondo blanco impecable con vetas doradas suaves pero dramáticas. A menudo considerado una obra maestra de la naturaleza, sus vetas únicas, gruesas y de tonos dorados o cobrizos crean patrones opulentos e irrepetibles, muy apreciados en el diseño de alta gama. ', 'es', 'Dorado estatua invisible', 2);
INSERT INTO public.product_translation (id, description, locale, name, product_id) VALUES (42, 'Lo natural en su máxima expresión. Tonos beige con veteados marrones.', 'es', 'Prado de Nueva Inglaterra', 22);
INSERT INTO public.product_translation (id, description, locale, name, product_id) VALUES (13, 'Ónice marrón con vetas de penetrante dorado.', 'es', 'Marrón Ónice Dorado', 7);
INSERT INTO public.product_translation (id, description, locale, name, product_id) VALUES (19, 'La naturaleza en su máxima expresión. Clásico mármol Carrara con vetas grises y tonos beige. El mármol Carrara, extraído en los Alpes Apuanos de Italia, es célebre por su suave base blanca y sus elegantes vetas grises. Esta piedra natural atemporal aporta luminosidad, sofisticación y un aire lujoso a los espacios en aplicaciones como encimeras, suelos y salpicaderos. Requiere limpieza y sellado periódicos para mantener su belleza.', 'es', 'Carrara Elegante', 11);
INSERT INTO public.product_translation (id, description, locale, name, product_id) VALUES (36, 'Lo natural en su máxima expresión. Tonos beige con vetas blancas y un acabado pulido y brillante.', 'es', 'Marfil Buffon', 19);
INSERT INTO public.product_translation (id, description, locale, name, product_id) VALUES (21, 'La naturaleza en su máxima expresión. Clásico mármol de color blanco puro con vetas grises. El mármol estatua representa uno de los mármoles italianos más prestigiosos y codiciados, caracterizado por un fondo blanco nieve luminoso en contraste con vetas grises intensas y dramáticas. Reconocido por su estética refinada, esta piedra ha sido utilizada durante siglos en proyectos arquitectónicos de lujo y esculturas icónicas.', 'es', 'Gris estatua irlandés', 12);


--
-- Data for Name: users; Type: TABLE DATA; Schema: public; Owner: -
--



--
-- Name: category_id_seq; Type: SEQUENCE SET; Schema: public; Owner: -
--

SELECT pg_catalog.setval('public.category_id_seq', 1, false);


--
-- Name: detail_order_id_seq; Type: SEQUENCE SET; Schema: public; Owner: -
--

SELECT pg_catalog.setval('public.detail_order_id_seq', 1, false);


--
-- Name: image_product_id_seq; Type: SEQUENCE SET; Schema: public; Owner: -
--

SELECT pg_catalog.setval('public.image_product_id_seq', 1, false);


--
-- Name: messages_id_seq; Type: SEQUENCE SET; Schema: public; Owner: -
--

SELECT pg_catalog.setval('public.messages_id_seq', 3, true);


--
-- Name: orders_id_seq; Type: SEQUENCE SET; Schema: public; Owner: -
--

SELECT pg_catalog.setval('public.orders_id_seq', 1, false);


--
-- Name: product_id_seq; Type: SEQUENCE SET; Schema: public; Owner: -
--

SELECT pg_catalog.setval('public.product_id_seq', 1, true);


--
-- Name: product_translation_id_seq; Type: SEQUENCE SET; Schema: public; Owner: -
--

SELECT pg_catalog.setval('public.product_translation_id_seq', 1, false);


--
-- Name: users_id_seq; Type: SEQUENCE SET; Schema: public; Owner: -
--

SELECT pg_catalog.setval('public.users_id_seq', 1, false);


--
-- Name: category category_pkey; Type: CONSTRAINT; Schema: public; Owner: -
--

ALTER TABLE ONLY public.category
    ADD CONSTRAINT category_pkey PRIMARY KEY (id);


--
-- Name: category_translation category_translation_pkey; Type: CONSTRAINT; Schema: public; Owner: -
--

ALTER TABLE ONLY public.category_translation
    ADD CONSTRAINT category_translation_pkey PRIMARY KEY (id);


--
-- Name: detail_order detail_order_pkey; Type: CONSTRAINT; Schema: public; Owner: -
--

ALTER TABLE ONLY public.detail_order
    ADD CONSTRAINT detail_order_pkey PRIMARY KEY (id);


--
-- Name: image_product image_product_pkey; Type: CONSTRAINT; Schema: public; Owner: -
--

ALTER TABLE ONLY public.image_product
    ADD CONSTRAINT image_product_pkey PRIMARY KEY (id);


--
-- Name: messages messages_pkey; Type: CONSTRAINT; Schema: public; Owner: -
--

ALTER TABLE ONLY public.messages
    ADD CONSTRAINT messages_pkey PRIMARY KEY (id);


--
-- Name: orders orders_pkey; Type: CONSTRAINT; Schema: public; Owner: -
--

ALTER TABLE ONLY public.orders
    ADD CONSTRAINT orders_pkey PRIMARY KEY (id);


--
-- Name: product product_pkey; Type: CONSTRAINT; Schema: public; Owner: -
--

ALTER TABLE ONLY public.product
    ADD CONSTRAINT product_pkey PRIMARY KEY (id);


--
-- Name: product_translation product_translation_pkey; Type: CONSTRAINT; Schema: public; Owner: -
--

ALTER TABLE ONLY public.product_translation
    ADD CONSTRAINT product_translation_pkey PRIMARY KEY (id);


--
-- Name: users users_pkey; Type: CONSTRAINT; Schema: public; Owner: -
--

ALTER TABLE ONLY public.users
    ADD CONSTRAINT users_pkey PRIMARY KEY (id);


--
-- Name: product fk1mtsbur82frn64de7balymq9s; Type: FK CONSTRAINT; Schema: public; Owner: -
--

ALTER TABLE ONLY public.product
    ADD CONSTRAINT fk1mtsbur82frn64de7balymq9s FOREIGN KEY (category_id) REFERENCES public.category(id);


--
-- Name: orders fk32ql8ubntj5uh44ph9659tiih; Type: FK CONSTRAINT; Schema: public; Owner: -
--

ALTER TABLE ONLY public.orders
    ADD CONSTRAINT fk32ql8ubntj5uh44ph9659tiih FOREIGN KEY (user_id) REFERENCES public.users(id);


--
-- Name: detail_order fkjdf2te6dqo3a74nru9wknvcp8; Type: FK CONSTRAINT; Schema: public; Owner: -
--

ALTER TABLE ONLY public.detail_order
    ADD CONSTRAINT fkjdf2te6dqo3a74nru9wknvcp8 FOREIGN KEY (order_id) REFERENCES public.orders(id);


--
-- Name: image_product fkml4177k7ufupebm7e4wgmvpnj; Type: FK CONSTRAINT; Schema: public; Owner: -
--

ALTER TABLE ONLY public.image_product
    ADD CONSTRAINT fkml4177k7ufupebm7e4wgmvpnj FOREIGN KEY (product_id) REFERENCES public.product(id);


--
-- Name: category_translation fko2l26f7i3uncfy08y5196hrxd; Type: FK CONSTRAINT; Schema: public; Owner: -
--

ALTER TABLE ONLY public.category_translation
    ADD CONSTRAINT fko2l26f7i3uncfy08y5196hrxd FOREIGN KEY (category_id) REFERENCES public.category(id);


--
-- Name: detail_order fkpa5tj9byco7b9xq7cqtvuar3h; Type: FK CONSTRAINT; Schema: public; Owner: -
--

ALTER TABLE ONLY public.detail_order
    ADD CONSTRAINT fkpa5tj9byco7b9xq7cqtvuar3h FOREIGN KEY (product_id) REFERENCES public.product(id);


--
-- Name: messages fkpsmh6clh3csorw43eaodlqvkn; Type: FK CONSTRAINT; Schema: public; Owner: -
--

ALTER TABLE ONLY public.messages
    ADD CONSTRAINT fkpsmh6clh3csorw43eaodlqvkn FOREIGN KEY (user_id) REFERENCES public.users(id);


--
-- Name: product_translation fkq8ihrhxqednwb0h0yynpca989; Type: FK CONSTRAINT; Schema: public; Owner: -
--

ALTER TABLE ONLY public.product_translation
    ADD CONSTRAINT fkq8ihrhxqednwb0h0yynpca989 FOREIGN KEY (product_id) REFERENCES public.product(id);


--
-- PostgreSQL database dump complete
--

